Workbook

Sheet 📊 Dashboard
A2: NEXUS RETAIL · EXECUTIVE SALES DASHBOARD · FY 2024
B6: TOTAL REVENUE | H6: TOTAL UNITS SOLD | N6: TOP PRODUCT | T6: BEST REGION
B7: =SUMPRODUCT(('📋 Sales Data'!G3:G40)*('📋 Sales Data'!H3:H40)) -> 19018500 | H7: =SUM('📋 Sales Data'!G3:G40) -> 1147 | N7: =INDEX('🏆 Products'!A3:A8,MATCH(MAX('🏆 Products'!D3:D8),'🏆 Products'!D3:D8,0)) -> Laptop | T7: =INDEX('🌍 Regions'!A3:A6,MATCH(MAX('🌍 Regions'!C3:C6),'🌍 Regions'!C3:C6,0)) -> East
B10: Full Year 2024 | H10: Across All Products | N10: Highest Revenue | T10: Top Performing
B13: PERFORMANCE ANALYTICS · FY 2024
A53: © 2024 Nexus Retail Intelligence · Confidential · For Internal Use Only · All figures in INR

Sheet ChartData
A1: Month | B1: Revenue | C1: Units | E1: Product | F1: Revenue | G1: Units | I1: Region | J1: Revenue | M1: Category | N1: Revenue
A2: Jan | B2: 1037500 | C2: 80 | E2: Laptop | F2: 8260000 | G2: 178 | I2: North | J2: 5628000 | M2: Electronics | N2: 15265000
A3: Feb | B3: 936000 | C3: 80 | E3: Smartphone | F3: 5625000 | G3: 375 | I3: South | J3: 4921000 | M3: Furniture | N3: 1282500
A4: Mar | B4: 1310000 | C4: 62 | E4: Headphones | F4: 1380000 | G4: 460 | I4: East | J4: 4517000
A5: Apr | B5: 905000 | C5: 96 | E5: Office Chair | F5: 742500 | G5: 99 | I5: West | J5: 3481000
A6: May | B6: 1480000 | C6: 60 | E6: Study Table | F6: 320000 | G6: 40
A7: Jun | B7: 1380000 | C7: 135 | E7: Bookshelf | F7: 220000 | G7: 55
A8: Jul | B8: 1635000 | C8: 72
A9: Aug | B9: 1177000 | C9: 109
A10: Sep | B10: 2005000 | C10: 97
A11: Oct | B11: 1785000 | C11: 115
A12: Nov | B12: 2528000 | C12: 96
A13: Dec | B13: 3265000 | C13: 175

Sheet 📋 Sales Data
A1: NEXUS RETAIL · SALES TRANSACTION REGISTER · FY 2024
A2: Order ID | B2: Date | C2: Month | D2: Region | E2: Product | F2: Category | G2: Units | H2: Unit Price (₹) | I2: Revenue (₹)
A3: ORD-001 | B3: 2024-01-05 | C3: January | D3: North | E3: Laptop | F3: Electronics | G3: 10 | H3: 55000 | I3: =G3*H3 -> 550000
A4: ORD-002 | B4: 2024-01-12 | C4: January | D4: South | E4: Smartphone | F4: Electronics | G4: 25 | H4: 15000 | I4: =G4*H4 -> 375000
A5: ORD-003 | B5: 2024-01-20 | C5: January | D5: East | E5: Office Chair | F5: Furniture | G5: 15 | H5: 7500 | I5: =G5*H5 -> 112500
A6: ORD-004 | B6: 2024-01-28 | C6: January | D6: West | E6: Headphones | F6: Electronics | G6: 30 | H6: 4000 | I6: =G6*H6 -> 120000
A7: ORD-005 | B7: 2024-02-03 | C7: February | D7: North | E7: Laptop | F7: Electronics | G7: 8 | H7: 55000 | I7: =G7*H7 -> 440000
A8: ORD-006 | B8: 2024-02-14 | C8: February | D8: South | E8: Headphones | F8: Electronics | G8: 40 | H8: 4000 | I8: =G8*H8 -> 160000
A9: ORD-007 | B9: 2024-02-22 | C9: February | D9: East | E9: Study Table | F9: Furniture | G9: 12 | H9: 8000 | I9: =G9*H9 -> 96000
A10: ORD-008 | B10: 2024-02-28 | C10: February | D10: West | E10: Smartphone | F10: Electronics | G10: 20 | H10: 15000 | I10: =G10*H10 -> 300000
A11: ORD-009 | B11: 2024-03-07 | C11: March | D11: North | E11: Smartphone | F11: Electronics | G11: 30 | H11: 15000 | I11: =G11*H11 -> 450000
A12: ORD-010 | B12: 2024-03-15 | C12: March | D12: South | E12: Laptop | F12: Electronics | G12: 12 | H12: 55000 | I12: =G12*H12 -> 660000
A13: ORD-011 | B13: 2024-03-28 | C13: March | D13: East | E13: Bookshelf | F13: Furniture | G13: 20 | H13: 4000 | I13: =G13*H13 -> 80000
A14: ORD-012 | B14: 2024-04-04 | C14: April | D14: West | E14: Headphones | F14: Electronics | G14: 50 | H14: 4000 | I14: =G14*H14 -> 200000
... A40: ORD-038 | B40: 2024-12-29 | C40: December | D40: South | E40: Laptop | F40: Electronics | G40: 35 | H40: 55000 | I40: =G40*H40 -> 1925000
A41: GRAND TOTAL | G41: =SUM(G3:G40) -> 1147 | I41: =SUM(I3:I40) -> 19018500

Sheet 📅 Monthly
A1: MONTHLY PERFORMANCE · FY 2024
A2: Month | B2: Units | C2: Revenue (₹) | D2: Prev Rev | E2: MoM Δ % | F2: Cumulative Rev | G2: % of Year
A3: January | B3: =SUMIF('📋 Sales Data'!C:C,A3,'📋 Sales Data'!G:G) -> 80 | C3: =SUMIF('📋 Sales Data'!C:C,A3,'📋 Sales Data'!I:I) -> 1157500 | D3: — | E3: — | F3: =SUM($C$3:C3) -> 1157500 | G3: =IFERROR(C3/SUM($C$3:$C$14),0) -> 0.060861792
A4: February | B4: =SUMIF('📋 Sales Data'!C:C,A4,'📋 Sales Data'!G:G) -> 80 | C4: =SUMIF('📋 Sales Data'!C:C,A4,'📋 Sales Data'!I:I) -> 996000 | D4: =C3 -> 1157500 | E4: =IFERROR((C4-C3)/C3,0) -> -0.13952484 | F4: =SUM($C$3:C4) -> 2153500 | G4: =IFERROR(C4/SUM($C$3:$C$14),0) -> 0.052370061
A5: March | B5: =SUMIF('📋 Sales Data'!C:C,A5,'📋 Sales Data'!G:G) -> 62 | C5: =SUMIF('📋 Sales Data'!C:C,A5,'📋 Sales Data'!I:I) -> 1190000 | D5: =C4 -> 996000 | E5: =IFERROR((C5-C4)/C4,0) -> 0.19477912 | F5: =SUM($C$3:C5) -> 3343500 | G5: =IFERROR(C5/SUM($C$3:$C$14),0) -> 0.062570655
A6: April | B6: =SUMIF('📋 Sales Data'!C:C,A6,'📋 Sales Data'!G:G) -> 96 | C6: =SUMIF('📋 Sales Data'!C:C,A6,'📋 Sales Data'!I:I) -> 755000 | D6: =C5 -> 1190000 | E6: =IFERROR((C6-C5)/C5,0) -> -0.36554622 | F6: =SUM($C$3:C6) -> 4098500 | G6: =IFERROR(C6/SUM($C$3:$C$14),0) -> 0.039698189
A7: May | B7: =SUMIF('📋 Sales Data'!C:C,A7,'📋 Sales Data'!G:G) -> 60 | C7: =SUMIF('📋 Sales Data'!C:C,A7,'📋 Sales Data'!I:I) -> 1430000 | D7: =C6 -> 755000 | E7: =IFERROR((C7-C6)/C6,0) -> 0.89403974 | F7: =SUM($C$3:C7) -> 5528500 | G7: =IFERROR(C7/SUM($C$3:$C$14),0) -> 0.075189947
A8: June | B8: =SUMIF('📋 Sales Data'!C:C,A8,'📋 Sales Data'!G:G) -> 105 | C8: =SUMIF('📋 Sales Data'!C:C,A8,'📋 Sales Data'!I:I) -> 1440000 | D8: =C7 -> 1430000 | E8: =IFERROR((C8-C7)/C7,0) -> 0.006993007 | F8: =SUM($C$3:C8) -> 6968500 | G8: =IFERROR(C8/SUM($C$3:$C$14),0) -> 0.07571575
A9: July | B9: =SUMIF('📋 Sales Data'!C:C,A9,'📋 Sales Data'!G:G) -> 72 | C9: =SUMIF('📋 Sales Data'!C:C,A9,'📋 Sales Data'!I:I) -> 1635000 | D9: =C8 -> 1440000 | E9: =IFERROR((C9-C8)/C8,0) -> 0.13541667 | F9: =SUM($C$3:C9) -> 8603500 | G9: =IFERROR(C9/SUM($C$3:$C$14),0) -> 0.085968925
A10: August | B10: =SUMIF('📋 Sales Data'!C:C,A10,'📋 Sales Data'!G:G) -> 109 | C10: =SUMIF('📋 Sales Data'!C:C,A10,'📋 Sales Data'!I:I) -> 932000 | D10: =C9 -> 1635000 | E10: =IFERROR((C10-C9)/C9,0) -> -0.42996942 | F10: =SUM($C$3:C10) -> 9535500 | G10: =IFERROR(C10/SUM($C$3:$C$14),0) -> 0.049004916
A11: September | B11: =SUMIF('📋 Sales Data'!C:C,A11,'📋 Sales Data'!G:G) -> 97 | C11: =SUMIF('📋 Sales Data'!C:C,A11,'📋 Sales Data'!I:I) -> 2005000 | D11: =C10 -> 932000 | E11: =IFERROR((C11-C10)/C10,0) -> 1.1512876 | F11: =SUM($C$3:C11) -> 11540500 | G11: =IFERROR(C11/SUM($C$3:$C$14),0) -> 0.10542367
A12: October | B12: =SUMIF('📋 Sales Data'!C:C,A12,'📋 Sales Data'!G:G) -> 115 | C12: =SUMIF('📋 Sales Data'!C:C,A12,'📋 Sales Data'!I:I) -> 1805000 | D12: =C11 -> 2005000 | E12: =IFERROR((C12-C11)/C11,0) -> -0.099750623 | F12: =SUM($C$3:C12) -> 13345500 | G12: =IFERROR(C12/SUM($C$3:$C$14),0) -> 0.09490759
A13: November | B13: =SUMIF('📋 Sales Data'!C:C,A13,'📋 Sales Data'!G:G) -> 96 | C13: =SUMIF('📋 Sales Data'!C:C,A13,'📋 Sales Data'!I:I) -> 2528000 | D13: =C12 -> 1805000 | E13: =IFERROR((C13-C12)/C12,0) -> 0.40055402 | F13: =SUM($C$3:C13) -> 15873500 | G13: =IFERROR(C13/SUM($C$3:$C$14),0) -> 0.13292321
A14: December | B14: =SUMIF('📋 Sales Data'!C:C,A14,'📋 Sales Data'!G:G) -> 175 | C14: =SUMIF('📋 Sales Data'!C:C,A14,'📋 Sales Data'!I:I) -> 3145000 | D14: =C13 -> 2528000 | E14: =IFERROR((C14-C13)/C13,0) -> 0.24406646 | F14: =SUM($C$3:C14) -> 19018500 | G14: =IFERROR(C14/SUM($C$3:$C$14),0) -> 0.1653653
A15: FULL YEAR | B15: =SUM(B3:B14) -> 1147 | C15: =SUM(C3:C14) -> 19018500 | G15: =SUM(G3:G14) -> 1

Sheet 🏆 Products
A1: PRODUCT PERFORMANCE · FY 2024
A2: Product | B2: Category | C2: Units | D2: Revenue (₹) | E2: Rev Share % | F2: Rank
A3: Laptop | B3: Electronics | C3: =SUMIF('📋 Sales Data'!E:E,A3,'📋 Sales Data'!G:G) -> 195 | D3: =SUMIF('📋 Sales Data'!E:E,A3,'📋 Sales Data'!I:I) -> 10725000 | E3: =IFERROR(D3/SUM($D$3:$D$8),0) -> 0.5639246 | F3: =RANK(D3,$D$3:$D$8,0) -> 1
A4: Smartphone | B4: Electronics | C4: =SUMIF('📋 Sales Data'!E:E,A4,'📋 Sales Data'!G:G) -> 365 | D4: =SUMIF('📋 Sales Data'!E:E,A4,'📋 Sales Data'!I:I) -> 5475000 | E4: =IFERROR(D4/SUM($D$3:$D$8),0) -> 0.28787759 | F4: =RANK(D4,$D$3:$D$8,0) -> 2
A5: Headphones | B5: Electronics | C5: =SUMIF('📋 Sales Data'!E:E,A5,'📋 Sales Data'!G:G) -> 385 | D5: =SUMIF('📋 Sales Data'!E:E,A5,'📋 Sales Data'!I:I) -> 1540000 | E5: =IFERROR(D5/SUM($D$3:$D$8),0) -> 0.080973789 | F5: =RANK(D5,$D$3:$D$8,0) -> 3
A6: Office Chair | B6: Furniture | C6: =SUMIF('📋 Sales Data'!E:E,A6,'📋 Sales Data'!G:G) -> 75 | D6: =SUMIF('📋 Sales Data'!E:E,A6,'📋 Sales Data'!I:I) -> 562500 | E6: =IFERROR(D6/SUM($D$3:$D$8),0) -> 0.029576465 | F6: =RANK(D6,$D$3:$D$8,0) -> 4
A7: Study Table | B7: Furniture | C7: =SUMIF('📋 Sales Data'!E:E,A7,'📋 Sales Data'!G:G) -> 52 | D7: =SUMIF('📋 Sales Data'!E:E,A7,'📋 Sales Data'!I:I) -> 416000 | E7: =IFERROR(D7/SUM($D$3:$D$8),0) -> 0.021873439 | F7: =RANK(D7,$D$3:$D$8,0) -> 5
A8: Bookshelf | B8: Furniture | C8: =SUMIF('📋 Sales Data'!E:E,A8,'📋 Sales Data'!G:G) -> 75 | D8: =SUMIF('📋 Sales Data'!E:E,A8,'📋 Sales Data'!I:I) -> 300000 | E8: =IFERROR(D8/SUM($D$3:$D$8),0) -> 0.015774115 | F8: =RANK(D8,$D$3:$D$8,0) -> 6
A9: TOTAL | C9: =SUM(C3:C8) -> 1147 | D9: =SUM(D3:D8) -> 19018500 | E9: =SUM(E3:E8) -> 1

Sheet 🌍 Regions
A1: REGIONAL BREAKDOWN · FY 2024
A2: Region | B2: Units | C2: Revenue (₹) | D2: Rev Share % | E2: Rank
A3: North | B3: =SUMIF('📋 Sales Data'!D:D,A3,'📋 Sales Data'!G:G) -> 312 | C3: =SUMIF('📋 Sales Data'!D:D,A3,'📋 Sales Data'!I:I) -> 5302000 | D3: =IFERROR(C3/SUM($C$3:$C$6),0) -> 0.27878119 | E3: =RANK(C3,$C$3:$C$6,0) -> 2
A4: South | B4: =SUMIF('📋 Sales Data'!D:D,A4,'📋 Sales Data'!G:G) -> 338 | C4: =SUMIF('📋 Sales Data'!D:D,A4,'📋 Sales Data'!I:I) -> 4668000 | D4: =IFERROR(C4/SUM($C$3:$C$6),0) -> 0.24544522 | E4: =RANK(C4,$C$3:$C$6,0) -> 3
A5: East | B5: =SUMIF('📋 Sales Data'!D:D,A5,'📋 Sales Data'!G:G) -> 177 | C5: =SUMIF('📋 Sales Data'!D:D,A5,'📋 Sales Data'!I:I) -> 7438500 | D5: =IFERROR(C5/SUM($C$3:$C$6),0) -> 0.39111917 | E5: =RANK(C5,$C$3:$C$6,0) -> 1
A6: West | B6: =SUMIF('📋 Sales Data'!D:D,A6,'📋 Sales Data'!G:G) -> 320 | C6: =SUMIF('📋 Sales Data'!D:D,A6,'📋 Sales Data'!I:I) -> 1610000 | D6: =IFERROR(C6/SUM($C$3:$C$6),0) -> 0.084654415 | E6: =RANK(C6,$C$3:$C$6,0) -> 4
A7: TOTAL | B7: =SUM(B3:B6) -> 1147 | C7: =SUM(C3:C6) -> 19018500 | D7: =SUM(D3:D6) -> 1
