Workbook

Sheet Sales Data
A1: 📊 SALES DATASET – 2024
A2: Order ID | B2: Date | C2: Month | D2: Product | E2: Category | F2: Units Sold | G2: Revenue (₹)
A3: ORD001 | B3: 2024-01-05 | C3: January | D3: Laptop | E3: Electronics | F3: 10 | G3: 550000
A4: ORD002 | B4: 2024-01-12 | C4: January | D4: Phone | E4: Electronics | F4: 25 | G4: 375000
A5: ORD003 | B5: 2024-01-20 | C5: January | D5: Desk Chair | E5: Furniture | F5: 15 | G5: 112500
A6: ORD004 | B6: 2024-02-03 | C6: February | D6: Laptop | E6: Electronics | F6: 8 | G6: 440000
A7: ORD005 | B7: 2024-02-14 | C7: February | D7: Headphones | E7: Electronics | F7: 40 | G7: 120000
A8: ORD006 | B8: 2024-02-22 | C8: February | D8: Table | E8: Furniture | F8: 12 | G8: 96000
A9: ORD007 | B9: 2024-03-07 | C9: March | D9: Phone | E9: Electronics | F9: 30 | G9: 450000
A10: ORD008 | B10: 2024-03-15 | C10: March | D10: Laptop | E10: Electronics | F10: 12 | G10: 660000
A11: ORD009 | B11: 2024-03-28 | C11: March | D11: Bookshelf | E11: Furniture | F11: 20 | G11: 80000
A12: ORD010 | B12: 2024-04-04 | C12: April | D12: Headphones | E12: Electronics | F12: 50 | G12: 150000
A13: ORD011 | B13: 2024-04-18 | C13: April | D13: Phone | E13: Electronics | F13: 28 | G13: 420000
A14: ORD012 | B14: 2024-04-29 | C14: April | D14: Desk Chair | E14: Furniture | F14: 18 | G14: 135000
... A38: ORD036 | B38: 2024-12-29 | C38: December | D38: Laptop | E38: Electronics | F38: 35 | G38: 1925000
A39: TOTAL | F39: =SUM(F3:F38) -> 1097 | G39: =SUM(G3:G38) -> 18243500

Sheet Monthly Trends
A1: 📅 MONTHLY SALES TRENDS – 2024
A2: Month | B2: Units Sold | C2: Revenue (₹) | D2: MoM Growth %
A3: January | B3: =SUMIF('Sales Data'!C:C,A3,'Sales Data'!F:F) -> 50 | C3: =SUMIF('Sales Data'!C:C,A3,'Sales Data'!G:G) -> 1037500 | D3: —
A4: February | B4: =SUMIF('Sales Data'!C:C,A4,'Sales Data'!F:F) -> 60 | C4: =SUMIF('Sales Data'!C:C,A4,'Sales Data'!G:G) -> 656000 | D4: =IFERROR((C4-C3)/C3,0) -> -0.36771084
A5: March | B5: =SUMIF('Sales Data'!C:C,A5,'Sales Data'!F:F) -> 62 | C5: =SUMIF('Sales Data'!C:C,A5,'Sales Data'!G:G) -> 1190000 | D5: =IFERROR((C5-C4)/C4,0) -> 0.81402439
A6: April | B6: =SUMIF('Sales Data'!C:C,A6,'Sales Data'!F:F) -> 96 | C6: =SUMIF('Sales Data'!C:C,A6,'Sales Data'!G:G) -> 705000 | D6: =IFERROR((C6-C5)/C5,0) -> -0.40756303
A7: May | B7: =SUMIF('Sales Data'!C:C,A7,'Sales Data'!F:F) -> 60 | C7: =SUMIF('Sales Data'!C:C,A7,'Sales Data'!G:G) -> 1430000 | D7: =IFERROR((C7-C6)/C6,0) -> 1.0283688
A8: June | B8: =SUMIF('Sales Data'!C:C,A8,'Sales Data'!F:F) -> 105 | C8: =SUMIF('Sales Data'!C:C,A8,'Sales Data'!G:G) -> 1380000 | D8: =IFERROR((C8-C7)/C7,0) -> -0.034965035
A9: July | B9: =SUMIF('Sales Data'!C:C,A9,'Sales Data'!F:F) -> 72 | C9: =SUMIF('Sales Data'!C:C,A9,'Sales Data'!G:G) -> 1635000 | D9: =IFERROR((C9-C8)/C8,0) -> 0.18478261
A10: August | B10: =SUMIF('Sales Data'!C:C,A10,'Sales Data'!F:F) -> 109 | C10: =SUMIF('Sales Data'!C:C,A10,'Sales Data'!G:G) -> 877000 | D10: =IFERROR((C10-C9)/C9,0) -> -0.46360856
A11: September | B11: =SUMIF('Sales Data'!C:C,A11,'Sales Data'!F:F) -> 97 | C11: =SUMIF('Sales Data'!C:C,A11,'Sales Data'!G:G) -> 2005000 | D11: =IFERROR((C11-C10)/C10,0) -> 1.286203
A12: October | B12: =SUMIF('Sales Data'!C:C,A12,'Sales Data'!F:F) -> 115 | C12: =SUMIF('Sales Data'!C:C,A12,'Sales Data'!G:G) -> 1735000 | D12: =IFERROR((C12-C11)/C11,0) -> -0.13466334
A13: November | B13: =SUMIF('Sales Data'!C:C,A13,'Sales Data'!F:F) -> 96 | C13: =SUMIF('Sales Data'!C:C,A13,'Sales Data'!G:G) -> 2528000 | D13: =IFERROR((C13-C12)/C12,0) -> 0.45706052
A14: December | B14: =SUMIF('Sales Data'!C:C,A14,'Sales Data'!F:F) -> 175 | C14: =SUMIF('Sales Data'!C:C,A14,'Sales Data'!G:G) -> 3065000 | D14: =IFERROR((C14-C13)/C13,0) -> 0.21242089
A15: TOTAL | B15: =SUM(B3:B14) -> 1097 | C15: =SUM(C3:C14) -> 18243500 | D15: —

Sheet Top Products
A1: 🏆 TOP PRODUCTS ANALYSIS – 2024
A2: Product | B2: Category | C2: Units Sold | D2: Revenue (₹) | E2: Revenue Share %
A3: Laptop | B3: Electronics | C3: =SUMIF('Sales Data'!D:D,A3,'Sales Data'!F:F) -> 195 | D3: =SUMIF('Sales Data'!D:D,A3,'Sales Data'!G:G) -> 10725000 | E3: =IFERROR(D3/SUM(D3:D8),0) -> 0.58788062
A4: Phone | B4: Electronics | C4: =SUMIF('Sales Data'!D:D,A4,'Sales Data'!F:F) -> 345 | D4: =SUMIF('Sales Data'!D:D,A4,'Sales Data'!G:G) -> 5175000 | E4: =IFERROR(D4/SUM(D3:D8),0) -> 0.28366267
A5: Headphones | B5: Electronics | C5: =SUMIF('Sales Data'!D:D,A5,'Sales Data'!F:F) -> 355 | D5: =SUMIF('Sales Data'!D:D,A5,'Sales Data'!G:G) -> 1065000 | E5: =IFERROR(D5/SUM(D3:D8),0) -> 0.058376956
A6: Desk Chair | B6: Furniture | C6: =SUMIF('Sales Data'!D:D,A6,'Sales Data'!F:F) -> 75 | D6: =SUMIF('Sales Data'!D:D,A6,'Sales Data'!G:G) -> 562500 | E6: =IFERROR(D6/SUM(D3:D8),0) -> 0.030832899
A7: Table | B7: Furniture | C7: =SUMIF('Sales Data'!D:D,A7,'Sales Data'!F:F) -> 52 | D7: =SUMIF('Sales Data'!D:D,A7,'Sales Data'!G:G) -> 416000 | E7: =IFERROR(D7/SUM(D3:D8),0) -> 0.022802642
A8: Bookshelf | B8: Furniture | C8: =SUMIF('Sales Data'!D:D,A8,'Sales Data'!F:F) -> 75 | D8: =SUMIF('Sales Data'!D:D,A8,'Sales Data'!G:G) -> 300000 | E8: =IFERROR(D8/SUM(D3:D8),0) -> 0.016444213
A9: TOTAL | C9: =SUM(C3:C8) -> 1097 | D9: =SUM(D3:D8) -> 18243500 | E9: =SUM(E3:E8) -> 1

Sheet Dashboard
A1: 📊 SALES DASHBOARD – 2024 OVERVIEW
A3: Total Revenue | C3: Total Units | E3: Avg Monthly Rev | G3: Best Month
A4: ='Monthly Trends'!C15 -> 18243500 | C4: ='Monthly Trends'!B15 -> 1097 | E4: =AVERAGE('Monthly Trends'!C3:C14) -> 1520291.7 | G4: =INDEX('Monthly Trends'!A3:A14,MATCH(MAX('Monthly Trends'!C3:C14),'Monthly Trends'!C3:C14,0)) -> December
A7: MONTHLY SUMMARY
A8: Month | B8: Units | C8: Revenue | D8: MoM% | E8: Month | F8: Units | G8: Revenue | H8: MoM%
A9: ='Monthly Trends'!A3 -> January | B9: ='Monthly Trends'!B3 -> 50 | C9: ='Monthly Trends'!C3 -> 1037500 | D9: — | E9: ='Monthly Trends'!A9 -> July | F9: ='Monthly Trends'!B9 -> 72 | G9: ='Monthly Trends'!C9 -> 1635000 | H9: ='Monthly Trends'!D9 -> 0.18478261
A10: ='Monthly Trends'!A4 -> February | B10: ='Monthly Trends'!B4 -> 60 | C10: ='Monthly Trends'!C4 -> 656000 | D10: ='Monthly Trends'!D4 -> -0.36771084 | E10: ='Monthly Trends'!A10 -> August | F10: ='Monthly Trends'!B10 -> 109 | G10: ='Monthly Trends'!C10 -> 877000 | H10: ='Monthly Trends'!D10 -> -0.46360856
A11: ='Monthly Trends'!A5 -> March | B11: ='Monthly Trends'!B5 -> 62 | C11: ='Monthly Trends'!C5 -> 1190000 | D11: ='Monthly Trends'!D5 -> 0.81402439 | E11: ='Monthly Trends'!A11 -> September | F11: ='Monthly Trends'!B11 -> 97 | G11: ='Monthly Trends'!C11 -> 2005000 | H11: ='Monthly Trends'!D11 -> 1.286203
A12: ='Monthly Trends'!A6 -> April | B12: ='Monthly Trends'!B6 -> 96 | C12: ='Monthly Trends'!C6 -> 705000 | D12: ='Monthly Trends'!D6 -> -0.40756303 | E12: ='Monthly Trends'!A12 -> October | F12: ='Monthly Trends'!B12 -> 115 | G12: ='Monthly Trends'!C12 -> 1735000 | H12: ='Monthly Trends'!D12 -> -0.13466334
A13: ='Monthly Trends'!A7 -> May | B13: ='Monthly Trends'!B7 -> 60 | C13: ='Monthly Trends'!C7 -> 1430000 | D13: ='Monthly Trends'!D7 -> 1.0283688 | E13: ='Monthly Trends'!A13 -> November | F13: ='Monthly Trends'!B13 -> 96 | G13: ='Monthly Trends'!C13 -> 2528000 | H13: ='Monthly Trends'!D13 -> 0.45706052
A14: ='Monthly Trends'!A8 -> June | B14: ='Monthly Trends'!B8 -> 105 | C14: ='Monthly Trends'!C8 -> 1380000 | D14: ='Monthly Trends'!D8 -> -0.034965035 | E14: ='Monthly Trends'!A14 -> December | F14: ='Monthly Trends'!B14 -> 175 | G14: ='Monthly Trends'!C14 -> 3065000 | H14: ='Monthly Trends'!D14 -> 0.21242089
A17: TOP PRODUCTS SUMMARY
A18: Product | B18: Category | C18: Units | D18: Revenue | E18: Share %
A19: ='Top Products'!A3 -> Laptop | B19: ='Top Products'!B3 -> Electronics | C19: ='Top Products'!C3 -> 195 | D19: ='Top Products'!D3 -> 10725000 | E19: ='Top Products'!E3 -> 0.58788062
A20: ='Top Products'!A4 -> Phone | B20: ='Top Products'!B4 -> Electronics | C20: ='Top Products'!C4 -> 345 | D20: ='Top Products'!D4 -> 5175000 | E20: ='Top Products'!E4 -> 0.28366267
A21: ='Top Products'!A5 -> Headphones | B21: ='Top Products'!B5 -> Electronics | C21: ='Top Products'!C5 -> 355 | D21: ='Top Products'!D5 -> 1065000 | E21: ='Top Products'!E5 -> 0.058376956
A22: ='Top Products'!A6 -> Desk Chair | B22: ='Top Products'!B6 -> Furniture | C22: ='Top Products'!C6 -> 75 | D22: ='Top Products'!D6 -> 562500 | E22: ='Top Products'!E6 -> 0.030832899
A23: ='Top Products'!A7 -> Table | B23: ='Top Products'!B7 -> Furniture | C23: ='Top Products'!C7 -> 52 | D23: ='Top Products'!D7 -> 416000 | E23: ='Top Products'!E7 -> 0.022802642
A24: ='Top Products'!A8 -> Bookshelf | B24: ='Top Products'!B8 -> Furniture | C24: ='Top Products'!C8 -> 75 | D24: ='Top Products'!D8 -> 300000 | E24: ='Top Products'!E8 -> 0.016444213
